-- phpMyAdmin SQL Dump
-- version 5.2.1
-- https://www.phpmyadmin.net/
--
-- Host: 127.0.0.1
-- Generation Time: Jul 28, 2025 at 03:00 AM
-- Server version: 10.4.32-MariaDB
-- PHP Version: 8.2.12

SET SQL_MODE = "NO_AUTO_VALUE_ON_ZERO";
START TRANSACTION;
SET time_zone = "+00:00";


/*!40101 SET @OLD_CHARACTER_SET_CLIENT=@@CHARACTER_SET_CLIENT */;
/*!40101 SET @OLD_CHARACTER_SET_RESULTS=@@CHARACTER_SET_RESULTS */;
/*!40101 SET @OLD_COLLATION_CONNECTION=@@COLLATION_CONNECTION */;
/*!40101 SET NAMES utf8mb4 */;

--
-- Database: `lms19`
--

-- --------------------------------------------------------

--
-- Table structure for table `borrow`
--

CREATE TABLE `borrow` (
  `id` int(11) NOT NULL,
  `date_borrow` datetime NOT NULL DEFAULT current_timestamp(),
  `borrowcode` bigint(50) NOT NULL,
  `member_id` int(11) NOT NULL,
  `item_id` int(11) NOT NULL,
  `stock_id` int(11) NOT NULL,
  `user_id` int(11) NOT NULL,
  `room_assigned` int(11) NOT NULL,
  `status` int(11) NOT NULL DEFAULT 1,
  `time_limit` datetime NOT NULL,
  `date_return` datetime DEFAULT NULL
) ENGINE=InnoDB DEFAULT CHARSET=latin1 COLLATE=latin1_swedish_ci;

--
-- Dumping data for table `borrow`
--

INSERT INTO `borrow` (`id`, `date_borrow`, `borrowcode`, `member_id`, `item_id`, `stock_id`, `user_id`, `room_assigned`, `status`, `time_limit`, `date_return`) VALUES
(18, '2025-06-30 15:14:32', 63020250914328, 26, 18, 21, 8, 51, 2, '2025-06-30 03:14:00', '2025-06-30 09:15:00'),
(19, '2025-06-30 15:45:06', 63020250945068, 26, 18, 21, 8, 51, 2, '2025-06-30 03:44:00', '2025-06-30 10:02:02'),
(20, '2025-06-30 16:07:23', 63020251007238, 28, 18, 21, 8, 51, 2, '2025-06-30 04:07:00', '2025-06-30 10:07:41'),
(21, '2025-06-30 16:12:41', 63020251012418, 26, 16, 18, 8, 51, 2, '2025-06-30 04:12:00', '2025-06-30 10:12:50'),
(22, '2025-07-02 12:21:05', 70220250621058, 28, 18, 21, 8, 51, 2, '2025-07-02 12:20:00', '2025-07-02 06:21:58'),
(23, '2025-07-04 09:08:36', 70420250308368, 26, 26, 24, 8, 53, 2, '2025-07-04 09:07:00', '2025-07-04 03:08:44'),
(24, '2025-07-04 13:08:17', 704202507055228, 28, 26, 24, 8, 51, 2, '2025-07-05 01:05:00', '2025-07-04 07:12:40'),
(25, '2025-07-04 13:08:17', 704202507055228, 28, 25, 23, 8, 51, 2, '2025-07-05 01:05:00', '2025-07-04 07:12:40'),
(26, '2025-07-04 13:14:05', 704202507102628, 28, 18, 21, 8, 53, 2, '2025-07-05 01:10:00', '2025-07-04 07:15:46'),
(27, '2025-07-04 13:14:07', 704202507111328, 28, 18, 21, 8, 51, 2, '2025-07-05 01:10:00', '2025-07-04 07:15:47'),
(28, '2025-07-04 13:18:17', 704202507163728, 28, 18, 21, 8, 51, 2, '2025-07-05 01:16:00', '2025-07-04 07:19:18'),
(29, '2025-07-04 13:18:19', 704202507173328, 28, 18, 21, 8, 53, 2, '2025-07-05 01:16:00', '2025-07-04 07:19:19'),
(30, '2025-07-04 14:34:22', 704202508333428, 28, 16, 18, 8, 51, 2, '2025-07-05 02:33:00', '2025-07-04 08:45:40'),
(31, '2025-07-04 14:34:22', 704202508333428, 28, 26, 24, 8, 51, 2, '2025-07-05 02:33:00', '2025-07-04 08:45:40'),
(32, '2025-07-04 14:34:22', 704202508333428, 28, 25, 23, 8, 51, 2, '2025-07-05 02:33:00', '2025-07-04 08:45:40'),
(33, '2025-07-04 14:34:22', 704202508333428, 28, 24, 22, 8, 51, 2, '2025-07-05 02:33:00', '2025-07-04 08:45:40'),
(34, '2025-07-04 14:34:22', 704202508333428, 28, 18, 21, 8, 51, 2, '2025-07-05 02:33:00', '2025-07-04 08:45:40'),
(35, '2025-07-07 08:01:24', 704202508381928, 28, 16, 18, 8, 51, 2, '2025-07-06 02:38:00', '2025-07-07 02:52:56'),
(36, '2025-07-07 08:01:24', 704202508381928, 28, 26, 24, 8, 51, 2, '2025-07-06 02:38:00', '2025-07-07 02:52:56'),
(37, '2025-07-07 08:01:24', 704202508381928, 28, 25, 23, 8, 51, 2, '2025-07-06 02:38:00', '2025-07-07 02:52:56'),
(38, '2025-07-07 08:01:24', 704202508381928, 28, 24, 22, 8, 51, 2, '2025-07-06 02:38:00', '2025-07-07 02:52:56'),
(39, '2025-07-07 08:01:24', 704202508381928, 28, 18, 21, 8, 51, 2, '2025-07-06 02:38:00', '2025-07-07 02:52:56'),
(40, '2025-07-17 10:16:10', 7162025081702119, 119, 16, 18, 8, 51, 2, '2025-07-04 05:00:00', '2025-07-17 04:26:02'),
(41, '2025-07-17 10:16:10', 7162025081702119, 119, 26, 24, 8, 51, 2, '2025-07-04 05:00:00', '2025-07-17 04:26:02'),
(42, '2025-07-17 10:16:10', 7162025081702119, 119, 25, 23, 8, 51, 2, '2025-07-04 05:00:00', '2025-07-17 04:26:02'),
(43, '2025-07-17 10:16:10', 7162025081702119, 119, 24, 22, 8, 51, 2, '2025-07-04 05:00:00', '2025-07-17 04:26:02'),
(44, '2025-07-17 10:16:10', 7162025081702119, 119, 18, 21, 8, 51, 2, '2025-07-04 05:00:00', '2025-07-17 04:26:02'),
(45, '2025-07-17 10:33:20', 7172025042646117, 117, 16, 18, 8, 53, 2, '2025-07-18 10:26:00', '2025-07-17 04:33:37'),
(46, '2025-07-17 10:33:20', 7172025042646117, 117, 26, 24, 8, 53, 2, '2025-07-18 10:26:00', '2025-07-17 04:33:37'),
(47, '2025-07-17 10:33:20', 7172025042646117, 117, 25, 23, 8, 53, 2, '2025-07-18 10:26:00', '2025-07-17 04:33:37'),
(48, '2025-07-17 10:33:20', 7172025042646117, 117, 24, 22, 8, 53, 2, '2025-07-18 10:26:00', '2025-07-17 04:33:37'),
(49, '2025-07-17 10:33:20', 7172025042646117, 117, 18, 21, 8, 53, 2, '2025-07-18 10:26:00', '2025-07-17 04:33:37'),
(50, '2025-07-17 11:20:52', 7172025043404117, 117, 16, 18, 8, 51, 2, '2025-07-18 10:26:00', '2025-07-17 05:21:06'),
(51, '2025-07-17 11:20:52', 7172025043404117, 117, 26, 24, 8, 51, 2, '2025-07-18 10:26:00', '2025-07-17 05:21:06'),
(52, '2025-07-17 11:20:52', 7172025043404117, 117, 25, 23, 8, 51, 2, '2025-07-18 10:26:00', '2025-07-17 05:21:06'),
(53, '2025-07-17 11:20:52', 7172025043404117, 117, 24, 22, 8, 51, 2, '2025-07-18 10:26:00', '2025-07-17 05:21:06'),
(54, '2025-07-17 11:20:52', 7172025043404117, 117, 18, 21, 8, 51, 2, '2025-07-18 10:26:00', '2025-07-17 05:21:06'),
(55, '2025-07-17 12:41:54', 7172025052138117, 117, 16, 18, 8, 51, 2, '2025-07-18 10:26:00', '2025-07-21 01:58:44'),
(56, '2025-07-17 12:41:54', 7172025052138117, 117, 26, 24, 8, 51, 2, '2025-07-18 10:26:00', '2025-07-21 01:58:44'),
(57, '2025-07-17 12:41:54', 7172025052138117, 117, 25, 23, 8, 51, 2, '2025-07-18 10:26:00', '2025-07-21 01:58:44'),
(58, '2025-07-17 12:41:54', 7172025052138117, 117, 24, 22, 8, 51, 2, '2025-07-18 10:26:00', '2025-07-21 01:58:44'),
(59, '2025-07-17 12:41:54', 7172025052138117, 117, 18, 21, 8, 51, 2, '2025-07-18 10:26:00', '2025-07-21 01:58:44'),
(60, '2025-07-17 12:41:55', 7172025054545117, 117, 16, 18, 8, 53, 2, '2025-07-24 11:45:00', '2025-07-21 01:58:45'),
(61, '2025-07-17 12:41:55', 7172025054545117, 117, 26, 24, 8, 53, 2, '2025-07-24 11:45:00', '2025-07-21 01:58:45'),
(62, '2025-07-17 12:41:55', 7172025054545117, 117, 25, 23, 8, 53, 2, '2025-07-24 11:45:00', '2025-07-21 01:58:45'),
(63, '2025-07-17 12:41:55', 7172025054545117, 117, 24, 22, 8, 53, 2, '2025-07-24 11:45:00', '2025-07-21 01:58:45'),
(64, '2025-07-17 12:41:55', 7172025054545117, 117, 18, 21, 8, 53, 2, '2025-07-24 11:45:00', '2025-07-21 01:58:45'),
(65, '2025-07-17 14:22:07', 7172025065644117, 117, 16, 18, 8, 51, 2, '2025-07-21 12:56:00', '2025-07-21 01:58:45'),
(66, '2025-07-17 14:22:07', 7172025065644117, 117, 17, 20, 8, 51, 2, '2025-07-21 12:56:00', '2025-07-21 01:58:45'),
(67, '2025-07-17 14:22:07', 7172025065644117, 117, 24, 22, 8, 51, 2, '2025-07-21 12:56:00', '2025-07-21 01:58:45'),
(68, '2025-07-17 14:22:07', 7172025065644117, 117, 25, 23, 8, 51, 2, '2025-07-21 12:56:00', '2025-07-21 01:58:45'),
(69, '2025-07-17 14:22:07', 7172025065644117, 117, 26, 24, 8, 51, 2, '2025-07-21 12:56:00', '2025-07-21 01:58:45'),
(70, '2025-07-17 14:22:08', 7172025072855117, 117, 16, 18, 8, 51, 2, '2025-07-21 01:28:00', '2025-07-21 01:58:45'),
(71, '2025-07-17 14:22:08', 7172025072855117, 117, 17, 20, 8, 51, 2, '2025-07-21 01:28:00', '2025-07-21 01:58:45'),
(72, '2025-07-17 14:22:08', 7172025072855117, 117, 24, 22, 8, 51, 2, '2025-07-21 01:28:00', '2025-07-21 01:58:45'),
(73, '2025-07-17 14:22:08', 7172025072855117, 117, 25, 23, 8, 51, 2, '2025-07-21 01:28:00', '2025-07-21 01:58:45'),
(74, '2025-07-17 14:22:08', 7172025072855117, 117, 26, 24, 8, 51, 2, '2025-07-21 01:28:00', '2025-07-21 01:58:45'),
(75, '2025-07-17 16:08:19', 7172025082434117, 117, 16, 18, 8, 53, 2, '2025-07-21 02:24:00', '2025-07-21 01:58:46'),
(76, '2025-07-17 16:08:19', 7172025082434117, 117, 17, 20, 8, 53, 2, '2025-07-21 02:24:00', '2025-07-21 01:58:46'),
(77, '2025-07-17 16:08:19', 7172025082434117, 117, 24, 22, 8, 53, 2, '2025-07-21 02:24:00', '2025-07-21 01:58:46'),
(78, '2025-07-17 16:08:19', 7172025082434117, 117, 25, 23, 8, 53, 2, '2025-07-21 02:24:00', '2025-07-21 01:58:46'),
(79, '2025-07-17 16:08:19', 7172025082434117, 117, 16, 19, 8, 53, 2, '2025-07-21 02:24:00', '2025-07-21 01:58:46'),
(80, '2025-07-17 16:41:28', 7172025094546117, 117, 16, 18, 8, 53, 2, '2025-07-25 03:45:00', '2025-07-21 01:58:46'),
(81, '2025-07-17 16:41:28', 7172025094546117, 117, 17, 20, 8, 53, 2, '2025-07-25 03:45:00', '2025-07-21 01:58:46'),
(82, '2025-07-17 16:41:28', 7172025094546117, 117, 24, 22, 8, 53, 2, '2025-07-25 03:45:00', '2025-07-21 01:58:46'),
(83, '2025-07-17 16:41:28', 7172025094546117, 117, 25, 23, 8, 53, 2, '2025-07-25 03:45:00', '2025-07-21 01:58:46'),
(84, '2025-07-17 16:41:28', 7172025094546117, 117, 16, 19, 8, 53, 2, '2025-07-25 03:45:00', '2025-07-21 01:58:46'),
(85, '2025-07-17 16:41:29', 7172025101749117, 117, 16, 18, 8, 51, 2, '2026-02-20 04:17:00', '2025-07-21 01:58:47'),
(86, '2025-07-17 16:41:29', 7172025101749117, 117, 17, 20, 8, 51, 2, '2026-02-20 04:17:00', '2025-07-21 01:58:47'),
(87, '2025-07-17 16:41:29', 7172025101749117, 117, 24, 22, 8, 51, 2, '2026-02-20 04:17:00', '2025-07-21 01:58:47'),
(88, '2025-07-17 16:41:29', 7172025101749117, 117, 25, 23, 8, 51, 2, '2026-02-20 04:17:00', '2025-07-21 01:58:47'),
(89, '2025-07-17 16:41:29', 7172025101749117, 117, 16, 19, 8, 51, 2, '2026-02-20 04:17:00', '2025-07-21 01:58:47'),
(90, '2025-07-17 16:41:30', 7172025102342117, 117, 16, 18, 8, 53, 2, '2025-07-25 04:23:00', '2025-07-21 01:58:47'),
(91, '2025-07-17 16:41:30', 7172025102342117, 117, 17, 20, 8, 53, 2, '2025-07-25 04:23:00', '2025-07-21 01:58:47'),
(92, '2025-07-17 16:41:30', 7172025102342117, 117, 24, 22, 8, 53, 2, '2025-07-25 04:23:00', '2025-07-21 01:58:47'),
(93, '2025-07-17 16:41:30', 7172025102342117, 117, 25, 23, 8, 53, 2, '2025-07-25 04:23:00', '2025-07-21 01:58:47'),
(94, '2025-07-17 16:41:30', 7172025102342117, 117, 16, 19, 8, 53, 2, '2025-07-25 04:23:00', '2025-07-21 01:58:47'),
(95, '2025-07-28 08:51:17', 7212025020002117, 117, 16, 18, 8, 51, 1, '2025-07-22 07:59:00', NULL),
(96, '2025-07-28 08:51:17', 7212025020002117, 117, 26, 24, 8, 51, 1, '2025-07-22 07:59:00', NULL),
(97, '2025-07-28 08:51:17', 7212025020002117, 117, 25, 23, 8, 51, 1, '2025-07-22 07:59:00', NULL),
(98, '2025-07-28 08:51:17', 7212025020002117, 117, 24, 22, 8, 51, 1, '2025-07-22 07:59:00', NULL),
(99, '2025-07-28 08:51:17', 7212025020002117, 117, 18, 21, 8, 51, 1, '2025-07-22 07:59:00', NULL),
(100, '2025-07-28 08:51:18', 7212025020145117, 117, 16, 18, 8, 53, 1, '2025-07-22 08:01:00', NULL),
(101, '2025-07-28 08:51:18', 7212025020145117, 117, 26, 24, 8, 53, 1, '2025-07-22 08:01:00', NULL),
(102, '2025-07-28 08:51:18', 7212025020145117, 117, 25, 23, 8, 53, 1, '2025-07-22 08:01:00', NULL),
(103, '2025-07-28 08:51:18', 7212025020145117, 117, 24, 22, 8, 53, 1, '2025-07-22 08:01:00', NULL),
(104, '2025-07-28 08:51:18', 7212025020145117, 117, 18, 21, 8, 53, 1, '2025-07-22 08:01:00', NULL),
(105, '2025-07-28 08:51:19', 7212025021437117, 117, 16, 18, 8, 51, 1, '2025-07-22 08:01:00', NULL),
(106, '2025-07-28 08:51:19', 7212025021437117, 117, 26, 24, 8, 51, 1, '2025-07-22 08:01:00', NULL),
(107, '2025-07-28 08:51:19', 7212025021437117, 117, 25, 23, 8, 51, 1, '2025-07-22 08:01:00', NULL),
(108, '2025-07-28 08:51:19', 7212025021437117, 117, 24, 22, 8, 51, 1, '2025-07-22 08:01:00', NULL),
(109, '2025-07-28 08:51:19', 7212025021437117, 117, 18, 21, 8, 51, 1, '2025-07-22 08:01:00', NULL),
(110, '2025-07-28 08:51:20', 7212025023628117, 117, 16, 18, 8, 53, 1, '2025-07-22 08:36:00', NULL),
(111, '2025-07-28 08:51:20', 7212025023628117, 117, 26, 24, 8, 53, 1, '2025-07-22 08:36:00', NULL),
(112, '2025-07-28 08:51:20', 7212025023628117, 117, 25, 23, 8, 53, 1, '2025-07-22 08:36:00', NULL),
(113, '2025-07-28 08:51:20', 7212025023628117, 117, 24, 22, 8, 53, 1, '2025-07-22 08:36:00', NULL),
(114, '2025-07-28 08:51:20', 7212025023628117, 117, 18, 21, 8, 53, 1, '2025-07-22 08:36:00', NULL),
(115, '2025-07-28 08:51:20', 7212025025633117, 117, 16, 18, 8, 53, 1, '2025-07-22 08:36:00', NULL),
(116, '2025-07-28 08:51:20', 7212025025633117, 117, 26, 24, 8, 53, 1, '2025-07-22 08:36:00', NULL),
(117, '2025-07-28 08:51:20', 7212025025633117, 117, 25, 23, 8, 53, 1, '2025-07-22 08:36:00', NULL),
(118, '2025-07-28 08:51:20', 7212025025633117, 117, 24, 22, 8, 53, 1, '2025-07-22 08:36:00', NULL),
(119, '2025-07-28 08:51:20', 7212025025633117, 117, 18, 21, 8, 53, 1, '2025-07-22 08:36:00', NULL),
(120, '2025-07-28 08:51:21', 7212025025814117, 117, 16, 18, 8, 51, 1, '2025-07-22 08:58:00', NULL),
(121, '2025-07-28 08:51:21', 7212025025814117, 117, 26, 24, 8, 51, 1, '2025-07-22 08:58:00', NULL),
(122, '2025-07-28 08:51:21', 7212025025814117, 117, 25, 23, 8, 51, 1, '2025-07-22 08:58:00', NULL),
(123, '2025-07-28 08:51:21', 7212025025814117, 117, 24, 22, 8, 51, 1, '2025-07-22 08:58:00', NULL),
(124, '2025-07-28 08:51:21', 7212025025814117, 117, 18, 21, 8, 51, 1, '2025-07-22 08:58:00', NULL),
(125, '2025-07-28 08:51:21', 7212025030659117, 117, 16, 18, 8, 53, 1, '2025-07-22 09:06:00', NULL),
(126, '2025-07-28 08:51:21', 7212025030659117, 117, 26, 24, 8, 53, 1, '2025-07-22 09:06:00', NULL),
(127, '2025-07-28 08:51:21', 7212025030659117, 117, 25, 23, 8, 53, 1, '2025-07-22 09:06:00', NULL),
(128, '2025-07-28 08:51:21', 7212025030659117, 117, 24, 22, 8, 53, 1, '2025-07-22 09:06:00', NULL),
(129, '2025-07-28 08:51:21', 7212025030659117, 117, 18, 21, 8, 53, 1, '2025-07-22 09:06:00', NULL),
(130, '2025-07-28 08:51:22', 7212025032155117, 117, 16, 18, 8, 53, 1, '2025-07-29 09:21:00', NULL),
(131, '2025-07-28 08:51:22', 7212025032155117, 117, 26, 24, 8, 53, 1, '2025-07-29 09:21:00', NULL),
(132, '2025-07-28 08:51:22', 7212025032155117, 117, 25, 23, 8, 53, 1, '2025-07-29 09:21:00', NULL),
(133, '2025-07-28 08:51:22', 7212025032155117, 117, 24, 22, 8, 53, 1, '2025-07-29 09:21:00', NULL),
(134, '2025-07-28 08:51:22', 7212025032155117, 117, 18, 21, 8, 53, 1, '2025-07-29 09:21:00', NULL),
(135, '2025-07-28 08:51:22', 7212025033234117, 117, 16, 18, 8, 51, 1, '2025-07-29 09:32:00', NULL),
(136, '2025-07-28 08:51:22', 7212025033234117, 117, 26, 24, 8, 51, 1, '2025-07-29 09:32:00', NULL),
(137, '2025-07-28 08:51:22', 7212025033234117, 117, 25, 23, 8, 51, 1, '2025-07-29 09:32:00', NULL),
(138, '2025-07-28 08:51:22', 7212025033234117, 117, 24, 22, 8, 51, 1, '2025-07-29 09:32:00', NULL),
(139, '2025-07-28 08:51:22', 7212025033234117, 117, 18, 21, 8, 51, 1, '2025-07-29 09:32:00', NULL),
(140, '2025-07-28 08:51:23', 7212025033814117, 117, 16, 18, 8, 53, 1, '2025-07-30 09:38:00', NULL),
(141, '2025-07-28 08:51:23', 7212025033814117, 117, 26, 24, 8, 53, 1, '2025-07-30 09:38:00', NULL),
(142, '2025-07-28 08:51:23', 7212025033814117, 117, 25, 23, 8, 53, 1, '2025-07-30 09:38:00', NULL),
(143, '2025-07-28 08:51:23', 7212025033814117, 117, 24, 22, 8, 53, 1, '2025-07-30 09:38:00', NULL),
(144, '2025-07-28 08:51:23', 7212025033814117, 117, 18, 21, 8, 53, 1, '2025-07-30 09:38:00', NULL),
(145, '2025-07-28 08:51:23', 7212025033854117, 117, 16, 18, 8, 51, 1, '2025-07-30 09:38:00', NULL),
(146, '2025-07-28 08:51:23', 7212025033854117, 117, 26, 24, 8, 51, 1, '2025-07-30 09:38:00', NULL),
(147, '2025-07-28 08:51:23', 7212025033854117, 117, 25, 23, 8, 51, 1, '2025-07-30 09:38:00', NULL),
(148, '2025-07-28 08:51:23', 7212025033854117, 117, 24, 22, 8, 51, 1, '2025-07-30 09:38:00', NULL),
(149, '2025-07-28 08:51:23', 7212025033854117, 117, 18, 21, 8, 51, 1, '2025-07-30 09:38:00', NULL),
(150, '2025-07-28 08:51:24', 7212025034024117, 117, 16, 18, 8, 53, 1, '2025-07-31 09:40:00', NULL),
(151, '2025-07-28 08:51:24', 7212025034024117, 117, 26, 24, 8, 53, 1, '2025-07-31 09:40:00', NULL),
(152, '2025-07-28 08:51:24', 7212025034024117, 117, 25, 23, 8, 53, 1, '2025-07-31 09:40:00', NULL),
(153, '2025-07-28 08:51:24', 7212025034024117, 117, 24, 22, 8, 53, 1, '2025-07-31 09:40:00', NULL),
(154, '2025-07-28 08:51:24', 7212025034024117, 117, 18, 21, 8, 53, 1, '2025-07-31 09:40:00', NULL),
(155, '2025-07-28 08:51:24', 7212025035210117, 117, 16, 18, 8, 53, 1, '2025-07-31 09:52:00', NULL),
(156, '2025-07-28 08:51:24', 7212025035210117, 117, 26, 24, 8, 53, 1, '2025-07-31 09:52:00', NULL),
(157, '2025-07-28 08:51:24', 7212025035210117, 117, 25, 23, 8, 53, 1, '2025-07-31 09:52:00', NULL),
(158, '2025-07-28 08:51:24', 7212025035210117, 117, 24, 22, 8, 53, 1, '2025-07-31 09:52:00', NULL),
(159, '2025-07-28 08:51:24', 7212025035210117, 117, 18, 21, 8, 53, 1, '2025-07-31 09:52:00', NULL),
(160, '2025-07-28 08:51:25', 7212025041636117, 117, 16, 18, 8, 53, 1, '2025-07-31 10:16:00', NULL),
(161, '2025-07-28 08:51:25', 7212025041636117, 117, 26, 24, 8, 53, 1, '2025-07-31 10:16:00', NULL),
(162, '2025-07-28 08:51:25', 7212025041636117, 117, 25, 23, 8, 53, 1, '2025-07-31 10:16:00', NULL),
(163, '2025-07-28 08:51:25', 7212025041636117, 117, 24, 22, 8, 53, 1, '2025-07-31 10:16:00', NULL),
(164, '2025-07-28 08:51:25', 7212025041636117, 117, 18, 21, 8, 53, 1, '2025-07-31 10:16:00', NULL),
(165, '2025-07-28 08:51:26', 7212025050513117, 117, 16, 18, 8, 53, 1, '2025-07-31 11:05:00', NULL),
(166, '2025-07-28 08:51:26', 7212025050513117, 117, 26, 24, 8, 53, 1, '2025-07-31 11:05:00', NULL),
(167, '2025-07-28 08:51:26', 7212025050513117, 117, 25, 23, 8, 53, 1, '2025-07-31 11:05:00', NULL),
(168, '2025-07-28 08:51:26', 7212025050513117, 117, 24, 22, 8, 53, 1, '2025-07-31 11:05:00', NULL),
(169, '2025-07-28 08:51:26', 7212025050513117, 117, 18, 21, 8, 53, 1, '2025-07-31 11:05:00', NULL),
(170, '2025-07-28 08:51:26', 7212025052239117, 117, 16, 18, 8, 53, 1, '2025-07-31 11:22:00', NULL),
(171, '2025-07-28 08:51:26', 7212025052239117, 117, 26, 24, 8, 53, 1, '2025-07-31 11:22:00', NULL),
(172, '2025-07-28 08:51:26', 7212025052239117, 117, 25, 23, 8, 53, 1, '2025-07-31 11:22:00', NULL),
(173, '2025-07-28 08:51:26', 7212025052239117, 117, 24, 22, 8, 53, 1, '2025-07-31 11:22:00', NULL),
(174, '2025-07-28 08:51:26', 7212025052239117, 117, 18, 21, 8, 53, 1, '2025-07-31 11:22:00', NULL),
(175, '2025-07-28 08:51:27', 7212025054941117, 117, 16, 18, 8, 53, 1, '2025-07-30 11:49:00', NULL),
(176, '2025-07-28 08:51:27', 7212025054941117, 117, 26, 24, 8, 53, 1, '2025-07-30 11:49:00', NULL),
(177, '2025-07-28 08:51:27', 7212025054941117, 117, 25, 23, 8, 53, 1, '2025-07-30 11:49:00', NULL),
(178, '2025-07-28 08:51:27', 7212025054941117, 117, 24, 22, 8, 53, 1, '2025-07-30 11:49:00', NULL),
(179, '2025-07-28 08:51:27', 7212025054941117, 117, 18, 21, 8, 53, 1, '2025-07-30 11:49:00', NULL),
(180, '2025-07-28 08:51:27', 7282025021422117, 117, 16, 18, 8, 53, 1, '2025-07-31 08:14:00', NULL),
(181, '2025-07-28 08:51:27', 7282025021422117, 117, 26, 24, 8, 53, 1, '2025-07-31 08:14:00', NULL),
(182, '2025-07-28 08:51:27', 7282025021422117, 117, 25, 23, 8, 53, 1, '2025-07-31 08:14:00', NULL),
(183, '2025-07-28 08:51:27', 7282025021422117, 117, 24, 22, 8, 53, 1, '2025-07-31 08:14:00', NULL),
(184, '2025-07-28 08:51:27', 7282025021422117, 117, 18, 21, 8, 53, 1, '2025-07-31 08:14:00', NULL),
(185, '2025-07-28 08:51:28', 7282025024233117, 117, 16, 18, 8, 53, 1, '2025-07-30 08:42:00', NULL),
(186, '2025-07-28 08:51:28', 7282025024233117, 117, 26, 24, 8, 53, 1, '2025-07-30 08:42:00', NULL),
(187, '2025-07-28 08:51:28', 7282025024233117, 117, 25, 23, 8, 53, 1, '2025-07-30 08:42:00', NULL),
(188, '2025-07-28 08:51:28', 7282025024233117, 117, 24, 22, 8, 53, 1, '2025-07-30 08:42:00', NULL),
(189, '2025-07-28 08:51:28', 7282025024233117, 117, 18, 21, 8, 53, 1, '2025-07-30 08:42:00', NULL);

-- --------------------------------------------------------

--
-- Table structure for table `equipment`
--

CREATE TABLE `equipment` (
  `id` int(11) NOT NULL,
  `e_deviceid` varchar(50) NOT NULL,
  `e_model` varchar(50) NOT NULL,
  `e_category` varchar(50) NOT NULL,
  `e_brand` varchar(50) NOT NULL,
  `e_description` text NOT NULL,
  `e_stock` int(11) NOT NULL,
  `e_stockleft` int(11) NOT NULL,
  `e_type` varchar(50) NOT NULL,
  `e_status` varchar(50) NOT NULL,
  `room_id` int(11) NOT NULL
) ENGINE=InnoDB DEFAULT CHARSET=latin1 COLLATE=latin1_swedish_ci;

-- --------------------------------------------------------

--
-- Table structure for table `equipment_inventory`
--

CREATE TABLE `equipment_inventory` (
  `id` int(11) NOT NULL,
  `equipment_id` int(11) NOT NULL,
  `qty` int(11) NOT NULL,
  `remarks` text NOT NULL,
  `status` varchar(50) NOT NULL
) ENGINE=InnoDB DEFAULT CHARSET=latin1 COLLATE=latin1_swedish_ci;

-- --------------------------------------------------------

--
-- Table structure for table `history_logs`
--

CREATE TABLE `history_logs` (
  `id` int(11) NOT NULL,
  `description` text NOT NULL,
  `table_name` varchar(100) NOT NULL,
  `status_name` text NOT NULL,
  `user_id` int(11) NOT NULL,
  `user_type` int(11) NOT NULL,
  `date_created` datetime NOT NULL DEFAULT current_timestamp()
) ENGINE=InnoDB DEFAULT CHARSET=latin1 COLLATE=latin1_swedish_ci;

--
-- Dumping data for table `history_logs`
--

INSERT INTO `history_logs` (`id`, `description`, `table_name`, `status_name`, `user_id`, `user_type`, `date_created`) VALUES
(131, 'add new room lab2', 'room', '', 8, 1, '2025-06-30 16:13:20'),
(132, 'add 4items toH328Cquantity', 'equipment', '', 8, 1, '2025-06-30 16:16:13'),
(133, 'add 5items toH328Cquantity', 'equipment', '', 8, 1, '2025-06-30 16:20:34'),
(134, 'add userLeni', 'user', '', 8, 1, '2025-07-04 16:33:17'),
(135, 'edit user', 'user', '', 8, 1, '2025-07-04 16:33:39'),
(136, 'edit client', 'client', '', 8, 1, '2025-07-07 10:13:08'),
(137, 'edit client', 'client', '', 8, 1, '2025-07-07 10:13:08'),
(138, 'edit client', 'client', '', 8, 1, '2025-07-07 10:14:49'),
(139, 'edit client', 'client', '', 8, 1, '2025-07-07 10:14:49'),
(140, 'edit client', 'client', '', 8, 1, '2025-07-07 10:15:06'),
(141, 'edit client', 'client', '', 8, 1, '2025-07-07 10:15:06'),
(142, 'edit client', 'client', '', 8, 1, '2025-07-07 10:16:11'),
(143, 'edit client', 'client', '', 8, 1, '2025-07-07 10:16:11'),
(144, 'edit client', 'client', '', 8, 1, '2025-07-07 10:16:53'),
(145, 'edit client', 'client', '', 8, 1, '2025-07-07 10:16:53'),
(146, 'edit client', 'client', '', 8, 1, '2025-07-07 10:17:15'),
(147, 'edit client', 'client', '', 8, 1, '2025-07-07 10:17:15'),
(148, 'edit client', 'client', '', 8, 1, '2025-07-07 10:19:49'),
(149, 'edit client', 'client', '', 8, 1, '2025-07-07 10:19:49'),
(150, 'edit client', 'client', '', 8, 1, '2025-07-07 10:19:53'),
(151, 'edit client', 'client', '', 8, 1, '2025-07-07 10:19:53'),
(152, 'edit client', 'client', '', 8, 1, '2025-07-07 10:20:01'),
(153, 'edit client', 'client', '', 8, 1, '2025-07-07 10:20:01'),
(154, 'edit client', 'client', '', 8, 1, '2025-07-07 10:20:35'),
(155, 'edit client', 'client', '', 8, 1, '2025-07-07 10:20:35'),
(156, 'edit client', 'client', '', 8, 1, '2025-07-07 10:21:19'),
(157, 'edit client', 'client', '', 8, 1, '2025-07-07 10:21:19'),
(158, 'edit client', 'client', '', 8, 1, '2025-07-07 10:22:04'),
(159, 'edit client', 'client', '', 8, 1, '2025-07-07 10:22:04'),
(160, 'edit client', 'client', '', 8, 1, '2025-07-07 10:22:16'),
(161, 'edit client', 'client', '', 8, 1, '2025-07-07 10:22:16'),
(162, 'edit client', 'client', '', 8, 1, '2025-07-07 10:22:40'),
(163, 'edit client', 'client', '', 8, 1, '2025-07-07 10:22:40'),
(164, 'edit client', 'client', '', 8, 1, '2025-07-07 10:52:20'),
(165, 'edit client', 'client', '', 8, 1, '2025-07-07 10:52:20'),
(166, 'edit client', 'client', '', 8, 1, '2025-07-07 13:25:20'),
(167, 'edit client', 'client', '', 8, 1, '2025-07-07 13:25:20'),
(168, 'edit client', 'client', '', 8, 1, '2025-07-07 13:26:16'),
(169, 'edit client', 'client', '', 8, 1, '2025-07-07 13:26:16'),
(170, 'edit client', 'client', '', 8, 1, '2025-07-07 13:28:57'),
(171, 'edit client', 'client', '', 8, 1, '2025-07-07 13:28:57'),
(172, 'edit client', 'client', '', 8, 1, '2025-07-07 13:28:57'),
(173, 'edit client', 'client', '', 8, 1, '2025-07-07 13:31:53'),
(174, 'edit client', 'client', '', 8, 1, '2025-07-07 13:31:53'),
(175, 'edit client', 'client', '', 8, 1, '2025-07-07 13:31:53'),
(176, 'edit client', 'client', '', 8, 1, '2025-07-07 13:32:30'),
(177, 'edit client', 'client', '', 8, 1, '2025-07-07 13:32:30'),
(178, 'edit client', 'client', '', 8, 1, '2025-07-07 13:36:16'),
(179, 'edit client', 'client', '', 8, 1, '2025-07-07 13:36:16'),
(180, 'edit client', 'client', '', 8, 1, '2025-07-07 13:41:06'),
(181, 'edit client', 'client', '', 8, 1, '2025-07-07 13:41:06'),
(182, 'edit client', 'client', '', 8, 1, '2025-07-07 15:32:51'),
(183, 'edit client', 'client', '', 8, 1, '2025-07-07 15:32:51'),
(184, 'edit client', 'client', '', 8, 1, '2025-07-07 15:33:31'),
(185, 'edit client', 'client', '', 8, 1, '2025-07-07 15:33:31'),
(186, 'edit client', 'client', '', 8, 1, '2025-07-07 15:39:52'),
(187, 'edit client', 'client', '', 8, 1, '2025-07-07 15:39:52'),
(188, 'edit client', 'client', '', 8, 1, '2025-07-07 15:40:58'),
(189, 'edit client', 'client', '', 8, 1, '2025-07-07 15:40:58'),
(190, 'edit client', 'client', '', 8, 1, '2025-07-08 09:11:22'),
(191, 'edit client', 'client', '', 8, 1, '2025-07-08 09:11:22'),
(192, 'edit client', 'client', '', 8, 1, '2025-07-08 09:15:42'),
(193, 'edit client', 'client', '', 8, 1, '2025-07-08 09:15:42'),
(194, 'edit client', 'client', '', 8, 1, '2025-07-08 09:17:25'),
(195, 'edit client', 'client', '', 8, 1, '2025-07-08 09:17:25'),
(196, 'edit client', 'client', '', 8, 1, '2025-07-09 08:42:08'),
(197, 'Added new faculty: fgndfg gnghn', 'member', '', 8, 1, '2025-07-14 10:40:31'),
(198, 'deactivate client', 'client', '', 8, 1, '2025-07-14 13:08:39'),
(199, 'activate client', 'client', '', 8, 1, '2025-07-14 13:08:43'),
(200, 'add new student', 'member', '', 8, 1, '2025-07-14 14:05:28'),
(201, 'add new student', 'member', '', 8, 1, '2025-07-14 14:06:12'),
(202, 'add new student', 'member', '', 8, 1, '2025-07-14 14:11:53');

-- --------------------------------------------------------

--
-- Table structure for table `item`
--

CREATE TABLE `item` (
  `id` int(5) NOT NULL,
  `i_deviceID` varchar(50) NOT NULL,
  `i_model` varchar(50) NOT NULL,
  `i_category` varchar(50) NOT NULL,
  `i_brand` varchar(50) NOT NULL,
  `i_description` text NOT NULL,
  `i_type` varchar(50) NOT NULL,
  `item_rawstock` int(11) NOT NULL,
  `i_status` int(11) NOT NULL DEFAULT 1,
  `i_mr` varchar(50) NOT NULL,
  `i_price` decimal(10,2) NOT NULL,
  `i_photo` varchar(100) NOT NULL
) ENGINE=InnoDB DEFAULT CHARSET=latin1 COLLATE=latin1_swedish_ci;

--
-- Dumping data for table `item`
--

INSERT INTO `item` (`id`, `i_deviceID`, `i_model`, `i_category`, `i_brand`, `i_description`, `i_type`, `item_rawstock`, `i_status`, `i_mr`, `i_price`, `i_photo`) VALUES
(16, '2009991', 'SM-9221', 'Mouse', 'Acer', 'Black', 'Consumable', 32, 1, 'Sir Cadagat', 59.00, '1750909444.jpg'),
(17, '4103500582', '----', 'AVR', 'Monster', '220v, black', 'Consumable', 16, 1, 'Sir Cadagat', 1500.00, '1487647220.jpg'),
(18, '----', 'H328C', 'Projector', 'epson', 'white', 'Consumable', 13, 1, 'Sir Cadagat', 2500.00, '1487647452.jpg'),
(19, '----', 'OM-130006A/K', 'Keyboard', 'Acer', 'Slim Compact Keyboard, Black USB Wired, 98 Keys', 'Consumable', 60, 1, 'Sir Cadagat', 250.00, '1487647676.png'),
(20, '----', 'OM-130006A/K', 'Keyboard', 'Acer', 'Slim Compact Keyboard, Black USB Wired, 98 Keys', 'Consumable', 60, 1, 'Sir Cadagat', 250.00, '1487647678.png'),
(21, '----', 'OM-130006A/K', 'Keyboard', 'Acer', 'Slim Compact Keyboard, Black USB Wired, 98 Keys', 'Consumable', 60, 1, 'Sir Cadagat', 250.00, '1487647679.png'),
(22, '----', 'OM-130006A/K', 'Keyboard', 'Acer', 'Slim Compact Keyboard, Black USB Wired, 98 Keys', 'Consumable', 60, 1, 'Sir Cadagat', 250.00, '1487647680.png'),
(23, '----', 'OM-130006A/K', 'Keyboard', 'Acer', 'Slim Compact Keyboard, Black USB Wired, 98 Keys', 'Consumable', 60, 1, 'Sir Cadagat', 250.00, '1487647681.png'),
(24, '----', 'OM-130006A/K', 'Keyboard', 'Acer', 'Slim Compact Keyboard, Black USB Wired, 98 Keys', 'Consumable', 60, 1, 'Sir Cadagat', 250.00, '1487647684.png'),
(25, '----', '----', 'Remote', 'Haier', 'Slim Remote, white', 'Consumable', 10, 1, 'Sir Cadagat', 100.00, '1487647878.jpg'),
(26, '37784471777', '58E510', 'TV', 'Skyworth', '58\" Smart Full HD, HDMI x3, VGA X1, LAN X2, USB X2, AV X3, Component in x2, Wifi, MHL Function, 1920x1080 screen resolution, 8w+8w audio output power, 100-240v~ 50/0Hz, 25.9 kg58\" Smart Full HD, HDMI x3, VGA X1, LAN X2, USB X2', 'Consumable', 5, 1, 'Sir Cadagat', 8000.00, '1487648107.jpg');

-- --------------------------------------------------------

--
-- Table structure for table `item_inventory`
--

CREATE TABLE `item_inventory` (
  `id` int(11) NOT NULL,
  `item_id` int(11) NOT NULL,
  `inventory_itemstock` int(11) NOT NULL,
  `inventory_status` int(11) NOT NULL,
  `item_remarks` text NOT NULL,
  `date_change` timestamp NOT NULL DEFAULT current_timestamp()
) ENGINE=InnoDB DEFAULT CHARSET=latin1 COLLATE=latin1_swedish_ci;

--
-- Dumping data for table `item_inventory`
--

INSERT INTO `item_inventory` (`id`, `item_id`, `inventory_itemstock`, `inventory_status`, `item_remarks`, `date_change`) VALUES
(8, 16, 2, 2, '', '2017-02-17 06:13:59'),
(9, 16, 2, 2, 'test', '2017-02-17 06:16:07'),
(10, 16, 1, 2, 'asd', '2025-06-24 07:32:16'),
(11, 16, 3, 3, 'adsasd', '2025-06-24 07:32:50'),
(12, 16, 4, 4, 'gffg', '2025-06-24 08:09:55'),
(13, 16, 4, 4, 'vnv', '2025-06-26 00:10:41'),
(14, 16, 1, 4, 'gjbk', '2025-06-26 03:43:40'),
(15, 17, 4, 2, 'hgj', '2025-06-26 03:46:33'),
(16, 18, 4, 4, 'hvuh', '2025-06-30 08:15:09'),
(17, 18, 2, 4, 'sdgs', '2025-06-30 08:17:46'),
(18, 18, 1, 3, 'hgv', '2025-06-30 08:19:41'),
(19, 18, 2, 2, 'vhgvy', '2025-06-30 08:20:45'),
(20, 18, 1, 2, 'rdt', '2025-06-30 08:21:41'),
(21, 24, 2, 3, 'dfgdf', '2025-07-02 00:36:08'),
(22, 25, 3, 4, 'xdfdf', '2025-07-02 00:36:38'),
(23, 26, 2, 2, 'xc', '2025-07-02 00:37:18'),
(24, 18, 1, 2, 'yuy', '2025-07-02 04:22:44'),
(25, 24, 2, 4, 'dead', '2025-07-04 06:40:23');

-- --------------------------------------------------------

--
-- Table structure for table `item_stock`
--

CREATE TABLE `item_stock` (
  `id` int(11) NOT NULL,
  `item_id` int(11) NOT NULL,
  `room_id` int(11) NOT NULL,
  `items_stock` int(11) NOT NULL,
  `item_status` int(11) NOT NULL DEFAULT 1,
  `status` int(11) NOT NULL DEFAULT 1
) ENGINE=InnoDB DEFAULT CHARSET=latin1 COLLATE=latin1_swedish_ci;

--
-- Dumping data for table `item_stock`
--

INSERT INTO `item_stock` (`id`, `item_id`, `room_id`, `items_stock`, `item_status`, `status`) VALUES
(18, 16, 14, -4, 1, 1),
(19, 16, 14, 5, 2, 1),
(20, 17, 14, 11, 1, 1),
(21, 18, 14, -17, 1, 1),
(22, 24, 14, 37, 1, 1),
(23, 25, 14, -12, 1, 1),
(24, 26, 14, -16, 1, 1),
(25, 17, 14, 4, 2, 1),
(26, 18, 14, 4, 2, 1),
(27, 26, 14, 2, 2, 1);

-- --------------------------------------------------------

--
-- Table structure for table `item_transfer`
--

CREATE TABLE `item_transfer` (
  `id` int(11) NOT NULL,
  `t_itemID` int(11) NOT NULL,
  `t_roomID` int(11) NOT NULL,
  `t_stockID` int(11) NOT NULL,
  `t_quantity` int(11) NOT NULL,
  `date_transfer` timestamp NOT NULL DEFAULT current_timestamp(),
  `t_status` int(11) NOT NULL DEFAULT 1,
  `personincharge` varchar(50) NOT NULL,
  `userid` int(11) NOT NULL
) ENGINE=InnoDB DEFAULT CHARSET=latin1 COLLATE=latin1_swedish_ci;

-- --------------------------------------------------------

--
-- Table structure for table `member`
--

CREATE TABLE `member` (
  `id` int(11) NOT NULL,
  `m_school_id` varchar(13) NOT NULL,
  `m_fname` varchar(50) NOT NULL,
  `m_lname` varchar(50) NOT NULL,
  `m_gender` varchar(10) NOT NULL,
  `m_contact` int(11) NOT NULL,
  `m_department` varchar(50) NOT NULL,
  `m_year_section` varchar(20) NOT NULL,
  `m_type` varchar(50) NOT NULL,
  `m_password` varchar(50) NOT NULL,
  `m_status` int(11) NOT NULL DEFAULT 1
) ENGINE=InnoDB DEFAULT CHARSET=latin1 COLLATE=latin1_swedish_ci;

--
-- Dumping data for table `member`
--

INSERT INTO `member` (`id`, `m_school_id`, `m_fname`, `m_lname`, `m_gender`, `m_contact`, `m_department`, `m_year_section`, `m_type`, `m_password`, `m_status`) VALUES
(117, '21-1-1-0221', 'jerome', 'de guia', 'Male', 2147483647, 'BSCE', '4th - ascsac', 'Student', '', 1),
(119, '21-1-1-0222', 'Jerome', 'De Guia', 'Male', 2147483647, 'BSED', '3rd - Werte', 'Student', '', 1),
(120, '21-1-1-0223', 'Asdf', 'Sdfd', 'Female', 2147483647, 'BSCE', '3rd - Dfghfdg', 'Student', '', 1),
(121, '21-1-1-0224', 'Alexa', 'Adoremos', 'Female', 2147483647, 'BSED', '3rd - Dssd', 'Student', '', 1);

-- --------------------------------------------------------

--
-- Table structure for table `reservation`
--

CREATE TABLE `reservation` (
  `id` int(11) NOT NULL,
  `reservation_code` varchar(60) NOT NULL,
  `member_id` int(11) NOT NULL,
  `item_id` int(11) NOT NULL,
  `stock_id` int(11) NOT NULL,
  `room_id` int(11) NOT NULL,
  `reserve_date` varchar(50) DEFAULT NULL,
  `reservation_time` varchar(20) NOT NULL,
  `time_limit` datetime NOT NULL,
  `assign_room` int(11) NOT NULL,
  `status` int(11) NOT NULL DEFAULT 0,
  `remarks` text NOT NULL,
  `r_date` datetime NOT NULL DEFAULT current_timestamp(),
  `approved_items` text DEFAULT NULL,
  `remarks_admin` text DEFAULT NULL
) ENGINE=InnoDB DEFAULT CHARSET=latin1 COLLATE=latin1_swedish_ci;

--
-- Dumping data for table `reservation`
--

INSERT INTO `reservation` (`id`, `reservation_code`, `member_id`, `item_id`, `stock_id`, `room_id`, `reserve_date`, `reservation_time`, `time_limit`, `assign_room`, `status`, `remarks`, `r_date`, `approved_items`, `remarks_admin`) VALUES
(1, '061820250756559', 9, 17, 20, 0, '06/18/2025', '12:00', '2025-06-20 01:56:00', 6, 2, '', '2025-06-18 13:56:55', NULL, NULL),
(2, '061820250758479', 9, 16, 18, 0, '06/19/2025', '12:00', '2025-06-29 01:58:00', 6, 2, '', '2025-06-18 13:58:47', NULL, NULL),
(3, '061820250801449', 9, 17, 20, 0, '06/19/2025', '13:00', '2025-06-26 02:01:00', 8, 3, '', '2025-06-18 14:01:44', NULL, NULL),
(4, '061820250805439', 9, 24, 22, 0, '06/18/2025', '12:00', '2025-06-19 02:05:00', 6, 3, '', '2025-06-18 14:05:43', NULL, NULL),
(5, '061820250808109', 9, 16, 18, 0, '06/18/2025', '12:00', '2025-06-18 02:45:00', 6, 3, '', '2025-06-18 14:08:10', NULL, NULL),
(6, '0704202507055228', 28, 26, 24, 0, '07/04/2025', '12:00', '2025-07-05 01:05:00', 51, 3, '', '2025-07-04 13:05:52', NULL, NULL),
(7, '0704202507055228', 28, 25, 23, 0, '07/04/2025', '12:00', '2025-07-05 01:05:00', 51, 3, '', '2025-07-04 13:05:52', NULL, NULL),
(8, '0704202507102628', 28, 18, 21, 0, '07/04/2025', '12:00', '2025-07-05 01:10:00', 53, 3, '', '2025-07-04 13:10:26', NULL, NULL),
(9, '0704202507111328', 28, 18, 21, 0, '07/07/2025', '00:09', '2025-07-05 01:10:00', 51, 3, '', '2025-07-04 13:11:13', NULL, NULL),
(10, '0704202507163728', 28, 18, 21, 0, '07/04/2025', '12:00', '2025-07-05 01:16:00', 51, 3, '', '2025-07-04 13:16:37', NULL, NULL),
(11, '0704202507173328', 28, 18, 21, 0, '07/04/2025', '12:00', '2025-07-05 01:16:00', 53, 3, '', '2025-07-04 13:17:33', NULL, NULL),
(12, '0704202508333428', 28, 16, 18, 0, '07/04/2025', '12:00', '2025-07-05 02:33:00', 51, 3, '', '2025-07-04 14:33:34', NULL, NULL),
(13, '0704202508333428', 28, 26, 24, 0, '07/04/2025', '12:00', '2025-07-05 02:33:00', 51, 3, '', '2025-07-04 14:33:34', NULL, NULL),
(14, '0704202508333428', 28, 25, 23, 0, '07/04/2025', '12:00', '2025-07-05 02:33:00', 51, 3, '', '2025-07-04 14:33:34', NULL, NULL),
(15, '0704202508333428', 28, 24, 22, 0, '07/04/2025', '12:00', '2025-07-05 02:33:00', 51, 3, '', '2025-07-04 14:33:34', NULL, NULL),
(16, '0704202508333428', 28, 18, 21, 0, '07/04/2025', '12:00', '2025-07-05 02:33:00', 51, 3, '', '2025-07-04 14:33:34', NULL, NULL),
(17, '0704202508381928', 28, 16, 18, 0, '07/04/2025', '12:00', '2025-07-06 02:38:00', 51, 3, '', '2025-07-04 14:38:19', NULL, NULL),
(18, '0704202508381928', 28, 26, 24, 0, '07/04/2025', '12:00', '2025-07-06 02:38:00', 51, 3, '', '2025-07-04 14:38:19', NULL, NULL),
(19, '0704202508381928', 28, 25, 23, 0, '07/04/2025', '12:00', '2025-07-06 02:38:00', 51, 3, '', '2025-07-04 14:38:19', NULL, NULL),
(20, '0704202508381928', 28, 24, 22, 0, '07/04/2025', '12:00', '2025-07-06 02:38:00', 51, 3, '', '2025-07-04 14:38:19', NULL, NULL),
(21, '0704202508381928', 28, 18, 21, 0, '07/04/2025', '12:00', '2025-07-06 02:38:00', 51, 3, '', '2025-07-04 14:38:19', NULL, NULL),
(22, '0704202508570028', 28, 16, 18, 0, '07/04/2025', '12:00', '2025-07-05 01:16:00', 51, 2, '', '2025-07-04 14:57:00', NULL, NULL),
(23, '0704202508570028', 28, 26, 24, 0, '07/04/2025', '12:00', '2025-07-05 01:16:00', 51, 2, '', '2025-07-04 14:57:00', NULL, NULL),
(24, '0704202508570028', 28, 25, 23, 0, '07/04/2025', '12:00', '2025-07-05 01:16:00', 51, 2, '', '2025-07-04 14:57:00', NULL, NULL),
(25, '0704202508570028', 28, 24, 22, 0, '07/04/2025', '12:00', '2025-07-05 01:16:00', 51, 2, '', '2025-07-04 14:57:00', NULL, NULL),
(26, '0704202508570028', 28, 18, 21, 0, '07/04/2025', '12:00', '2025-07-05 01:16:00', 51, 2, '', '2025-07-04 14:57:00', NULL, NULL),
(27, '0704202510311728', 28, 26, 24, 0, '07/04/2025', '16:30', '2025-07-04 05:00:00', 51, 2, '', '2025-07-04 16:31:17', NULL, NULL),
(28, '07152025020427117', 117, 16, 18, 0, '07/15/2025', '12:00', '2025-07-16 08:04:00', 51, 2, '', '2025-07-15 08:04:27', NULL, NULL),
(29, '07152025020427117', 117, 26, 24, 0, '07/15/2025', '12:00', '2025-07-16 08:04:00', 51, 2, '', '2025-07-15 08:04:27', NULL, NULL),
(30, '07152025020427117', 117, 25, 23, 0, '07/15/2025', '12:00', '2025-07-16 08:04:00', 51, 2, '', '2025-07-15 08:04:27', NULL, NULL),
(31, '07152025020427117', 117, 24, 22, 0, '07/15/2025', '12:00', '2025-07-16 08:04:00', 51, 2, '', '2025-07-15 08:04:27', NULL, NULL),
(32, '07152025020427117', 117, 18, 21, 0, '07/15/2025', '12:00', '2025-07-16 08:04:00', 51, 2, '', '2025-07-15 08:04:27', NULL, NULL),
(33, '07162025064252119', 119, 16, 18, 0, '07/17/2025', '12:00', '2025-07-04 05:00:00', 53, 2, '', '2025-07-16 12:42:52', NULL, NULL),
(34, '07162025081702119', 119, 16, 18, 0, '07/16/2025', '17:00', '2025-07-04 05:00:00', 51, 3, '', '2025-07-16 14:17:02', NULL, NULL),
(35, '07162025081702119', 119, 26, 24, 0, '07/16/2025', '17:00', '2025-07-04 05:00:00', 51, 3, '', '2025-07-16 14:17:02', NULL, NULL),
(36, '07162025081702119', 119, 25, 23, 0, '07/16/2025', '17:00', '2025-07-04 05:00:00', 51, 3, '', '2025-07-16 14:17:02', NULL, NULL),
(37, '07162025081702119', 119, 24, 22, 0, '07/16/2025', '17:00', '2025-07-04 05:00:00', 51, 3, '', '2025-07-16 14:17:02', NULL, NULL),
(38, '07162025081702119', 119, 18, 21, 0, '07/16/2025', '17:00', '2025-07-04 05:00:00', 51, 3, '', '2025-07-16 14:17:02', NULL, NULL),
(39, '07172025040621117', 117, 16, 18, 0, '07/17/2025', '12:00', '2025-07-18 10:06:00', 53, 2, '', '2025-07-17 10:06:21', NULL, NULL),
(40, '07172025040621117', 117, 26, 24, 0, '07/17/2025', '12:00', '2025-07-18 10:06:00', 53, 2, '', '2025-07-17 10:06:21', NULL, NULL),
(41, '07172025040621117', 117, 25, 23, 0, '07/17/2025', '12:00', '2025-07-18 10:06:00', 53, 2, '', '2025-07-17 10:06:21', NULL, NULL),
(42, '07172025040621117', 117, 24, 22, 0, '07/17/2025', '12:00', '2025-07-18 10:06:00', 53, 2, '', '2025-07-17 10:06:21', NULL, NULL),
(43, '07172025040621117', 117, 18, 21, 0, '07/17/2025', '12:00', '2025-07-18 10:06:00', 53, 2, '', '2025-07-17 10:06:21', NULL, NULL),
(44, '07172025042646117', 117, 16, 18, 0, '07/17/2025', '12:00', '2025-07-18 10:26:00', 53, 3, '', '2025-07-17 10:26:46', NULL, NULL),
(45, '07172025042646117', 117, 26, 24, 0, '07/17/2025', '12:00', '2025-07-18 10:26:00', 53, 3, '', '2025-07-17 10:26:46', NULL, NULL),
(46, '07172025042646117', 117, 25, 23, 0, '07/17/2025', '12:00', '2025-07-18 10:26:00', 53, 3, '', '2025-07-17 10:26:46', NULL, NULL),
(47, '07172025042646117', 117, 24, 22, 0, '07/17/2025', '12:00', '2025-07-18 10:26:00', 53, 3, '', '2025-07-17 10:26:46', NULL, NULL),
(48, '07172025042646117', 117, 18, 21, 0, '07/17/2025', '12:00', '2025-07-18 10:26:00', 53, 3, '', '2025-07-17 10:26:46', NULL, NULL),
(49, '07172025043404117', 117, 16, 18, 0, '07/17/2025', '12:00', '2025-07-18 10:26:00', 51, 3, '', '2025-07-17 10:34:04', NULL, NULL),
(50, '07172025043404117', 117, 26, 24, 0, '07/17/2025', '12:00', '2025-07-18 10:26:00', 51, 3, '', '2025-07-17 10:34:04', NULL, NULL),
(51, '07172025043404117', 117, 25, 23, 0, '07/17/2025', '12:00', '2025-07-18 10:26:00', 51, 3, '', '2025-07-17 10:34:04', NULL, NULL),
(52, '07172025043404117', 117, 24, 22, 0, '07/17/2025', '12:00', '2025-07-18 10:26:00', 51, 3, '', '2025-07-17 10:34:04', NULL, NULL),
(53, '07172025043404117', 117, 18, 21, 0, '07/17/2025', '12:00', '2025-07-18 10:26:00', 51, 3, '', '2025-07-17 10:34:04', NULL, NULL),
(54, '07172025052138117', 117, 16, 18, 0, '07/17/2025', '17:00', '2025-07-18 10:26:00', 51, 3, '', '2025-07-17 11:21:38', NULL, NULL),
(55, '07172025052138117', 117, 26, 24, 0, '07/17/2025', '17:00', '2025-07-18 10:26:00', 51, 3, '', '2025-07-17 11:21:38', NULL, NULL),
(56, '07172025052138117', 117, 25, 23, 0, '07/17/2025', '17:00', '2025-07-18 10:26:00', 51, 3, '', '2025-07-17 11:21:38', NULL, NULL),
(57, '07172025052138117', 117, 24, 22, 0, '07/17/2025', '17:00', '2025-07-18 10:26:00', 51, 3, '', '2025-07-17 11:21:38', NULL, NULL),
(58, '07172025052138117', 117, 18, 21, 0, '07/17/2025', '17:00', '2025-07-18 10:26:00', 51, 3, '', '2025-07-17 11:21:38', NULL, NULL),
(59, '07172025054545117', 117, 16, 18, 0, '07/21/2025', '12:00', '2025-07-24 11:45:00', 53, 3, '', '2025-07-17 11:45:45', NULL, NULL),
(60, '07172025054545117', 117, 26, 24, 0, '07/21/2025', '12:00', '2025-07-24 11:45:00', 53, 3, '', '2025-07-17 11:45:45', NULL, NULL),
(61, '07172025054545117', 117, 25, 23, 0, '07/21/2025', '12:00', '2025-07-24 11:45:00', 53, 3, '', '2025-07-17 11:45:45', NULL, NULL),
(62, '07172025054545117', 117, 24, 22, 0, '07/21/2025', '12:00', '2025-07-24 11:45:00', 53, 3, '', '2025-07-17 11:45:45', NULL, NULL),
(63, '07172025054545117', 117, 18, 21, 0, '07/21/2025', '12:00', '2025-07-24 11:45:00', 53, 3, '', '2025-07-17 11:45:45', NULL, NULL),
(69, '07172025065644117', 117, 16, 18, 0, '07/18/2025', '17:00', '2025-07-21 12:56:00', 51, 3, '', '2025-07-17 12:56:44', NULL, NULL),
(70, '07172025065644117', 117, 17, 20, 0, '07/18/2025', '17:00', '2025-07-21 12:56:00', 51, 3, '', '2025-07-17 12:56:44', NULL, NULL),
(71, '07172025065644117', 117, 24, 22, 0, '07/18/2025', '17:00', '2025-07-21 12:56:00', 51, 3, '', '2025-07-17 12:56:44', NULL, NULL),
(72, '07172025065644117', 117, 25, 23, 0, '07/18/2025', '17:00', '2025-07-21 12:56:00', 51, 3, '', '2025-07-17 12:56:44', NULL, NULL),
(73, '07172025065644117', 117, 26, 24, 0, '07/18/2025', '17:00', '2025-07-21 12:56:00', 51, 3, '', '2025-07-17 12:56:44', NULL, NULL),
(74, '07172025072855117', 117, 16, 18, 0, '07/17/2025', '17:00', '2025-07-21 01:28:00', 51, 3, '', '2025-07-17 13:28:55', NULL, NULL),
(75, '07172025072855117', 117, 17, 20, 0, '07/17/2025', '17:00', '2025-07-21 01:28:00', 51, 3, '', '2025-07-17 13:28:55', NULL, NULL),
(76, '07172025072855117', 117, 24, 22, 0, '07/17/2025', '17:00', '2025-07-21 01:28:00', 51, 3, '', '2025-07-17 13:28:55', NULL, NULL),
(77, '07172025072855117', 117, 25, 23, 0, '07/17/2025', '17:00', '2025-07-21 01:28:00', 51, 3, '', '2025-07-17 13:28:55', NULL, NULL),
(78, '07172025072855117', 117, 26, 24, 0, '07/17/2025', '17:00', '2025-07-21 01:28:00', 51, 3, '', '2025-07-17 13:28:55', NULL, NULL),
(79, '07172025082434117', 117, 16, 18, 0, '07/18/2025', '17:00', '2025-07-21 02:24:00', 53, 3, '', '2025-07-17 14:24:34', NULL, NULL),
(80, '07172025082434117', 117, 17, 20, 0, '07/18/2025', '17:00', '2025-07-21 02:24:00', 53, 3, '', '2025-07-17 14:24:34', NULL, NULL),
(81, '07172025082434117', 117, 24, 22, 0, '07/18/2025', '17:00', '2025-07-21 02:24:00', 53, 3, '', '2025-07-17 14:24:34', NULL, NULL),
(82, '07172025082434117', 117, 25, 23, 0, '07/18/2025', '17:00', '2025-07-21 02:24:00', 53, 3, '', '2025-07-17 14:24:34', NULL, NULL),
(83, '07172025082434117', 117, 16, 19, 0, '07/18/2025', '17:00', '2025-07-21 02:24:00', 53, 3, '', '2025-07-17 14:24:34', NULL, NULL),
(84, '07172025094546117', 117, 16, 18, 0, '07/24/2025', '12:00', '2025-07-25 03:45:00', 53, 3, '', '2025-07-17 15:45:46', NULL, NULL),
(85, '07172025094546117', 117, 17, 20, 0, '07/24/2025', '12:00', '2025-07-25 03:45:00', 53, 3, '', '2025-07-17 15:45:46', NULL, NULL),
(86, '07172025094546117', 117, 24, 22, 0, '07/24/2025', '12:00', '2025-07-25 03:45:00', 53, 3, '', '2025-07-17 15:45:46', NULL, NULL),
(87, '07172025094546117', 117, 25, 23, 0, '07/24/2025', '12:00', '2025-07-25 03:45:00', 53, 3, '', '2025-07-17 15:45:46', NULL, NULL),
(88, '07172025094546117', 117, 16, 19, 0, '07/24/2025', '12:00', '2025-07-25 03:45:00', 53, 3, '', '2025-07-17 15:45:46', NULL, NULL),
(89, '07172025101749117', 117, 16, 18, 0, '07/23/2025', '12:00', '2026-02-20 04:17:00', 51, 3, '', '2025-07-17 16:17:49', NULL, NULL),
(90, '07172025101749117', 117, 17, 20, 0, '07/23/2025', '12:00', '2026-02-20 04:17:00', 51, 3, '', '2025-07-17 16:17:49', NULL, NULL),
(91, '07172025101749117', 117, 24, 22, 0, '07/23/2025', '12:00', '2026-02-20 04:17:00', 51, 3, '', '2025-07-17 16:17:49', NULL, NULL),
(92, '07172025101749117', 117, 25, 23, 0, '07/23/2025', '12:00', '2026-02-20 04:17:00', 51, 3, '', '2025-07-17 16:17:49', NULL, NULL),
(93, '07172025101749117', 117, 16, 19, 0, '07/23/2025', '12:00', '2026-02-20 04:17:00', 51, 3, '', '2025-07-17 16:17:49', NULL, NULL),
(94, '07172025102342117', 117, 16, 18, 0, '07/21/2025', '12:00', '2025-07-25 04:23:00', 53, 3, '', '2025-07-17 16:23:42', NULL, NULL),
(95, '07172025102342117', 117, 17, 20, 0, '07/21/2025', '12:00', '2025-07-25 04:23:00', 53, 3, '', '2025-07-17 16:23:42', NULL, NULL),
(96, '07172025102342117', 117, 24, 22, 0, '07/21/2025', '12:00', '2025-07-25 04:23:00', 53, 3, '', '2025-07-17 16:23:42', NULL, NULL),
(97, '07172025102342117', 117, 25, 23, 0, '07/21/2025', '12:00', '2025-07-25 04:23:00', 53, 3, '', '2025-07-17 16:23:42', NULL, NULL),
(98, '07172025102342117', 117, 16, 19, 0, '07/21/2025', '12:00', '2025-07-25 04:23:00', 53, 3, '', '2025-07-17 16:23:42', NULL, NULL),
(99, '07212025020002117', 117, 16, 18, 0, '07/21/2025', '12:00', '2025-07-22 07:59:00', 51, 3, '', '2025-07-21 08:00:02', NULL, NULL),
(100, '07212025020002117', 117, 26, 24, 0, '07/21/2025', '12:00', '2025-07-22 07:59:00', 51, 3, '', '2025-07-21 08:00:02', NULL, NULL),
(101, '07212025020002117', 117, 25, 23, 0, '07/21/2025', '12:00', '2025-07-22 07:59:00', 51, 3, '', '2025-07-21 08:00:02', NULL, NULL),
(102, '07212025020002117', 117, 24, 22, 0, '07/21/2025', '12:00', '2025-07-22 07:59:00', 51, 3, '', '2025-07-21 08:00:02', NULL, NULL),
(103, '07212025020002117', 117, 18, 21, 0, '07/21/2025', '12:00', '2025-07-22 07:59:00', 51, 3, '', '2025-07-21 08:00:02', NULL, NULL),
(104, '07212025020145117', 117, 16, 18, 0, '07/21/2025', '12:00', '2025-07-22 08:01:00', 53, 3, '', '2025-07-21 08:01:45', NULL, NULL),
(105, '07212025020145117', 117, 26, 24, 0, '07/21/2025', '12:00', '2025-07-22 08:01:00', 53, 3, '', '2025-07-21 08:01:45', NULL, NULL),
(106, '07212025020145117', 117, 25, 23, 0, '07/21/2025', '12:00', '2025-07-22 08:01:00', 53, 3, '', '2025-07-21 08:01:45', NULL, NULL),
(107, '07212025020145117', 117, 24, 22, 0, '07/21/2025', '12:00', '2025-07-22 08:01:00', 53, 3, '', '2025-07-21 08:01:45', NULL, NULL),
(108, '07212025020145117', 117, 18, 21, 0, '07/21/2025', '12:00', '2025-07-22 08:01:00', 53, 3, '', '2025-07-21 08:01:45', NULL, NULL),
(109, '07212025021437117', 117, 16, 18, 0, '07/21/2025', '12:00', '2025-07-22 08:01:00', 51, 3, '', '2025-07-21 08:14:37', NULL, NULL),
(110, '07212025021437117', 117, 26, 24, 0, '07/21/2025', '12:00', '2025-07-22 08:01:00', 51, 3, '', '2025-07-21 08:14:37', NULL, NULL),
(111, '07212025021437117', 117, 25, 23, 0, '07/21/2025', '12:00', '2025-07-22 08:01:00', 51, 3, '', '2025-07-21 08:14:37', NULL, NULL),
(112, '07212025021437117', 117, 24, 22, 0, '07/21/2025', '12:00', '2025-07-22 08:01:00', 51, 3, '', '2025-07-21 08:14:37', NULL, NULL),
(113, '07212025021437117', 117, 18, 21, 0, '07/21/2025', '12:00', '2025-07-22 08:01:00', 51, 3, '', '2025-07-21 08:14:37', NULL, NULL),
(114, '07212025023628117', 117, 16, 18, 0, '07/21/2025', '12:00', '2025-07-22 08:36:00', 53, 3, '', '2025-07-21 08:36:28', NULL, NULL),
(115, '07212025023628117', 117, 26, 24, 0, '07/21/2025', '12:00', '2025-07-22 08:36:00', 53, 3, '', '2025-07-21 08:36:28', NULL, NULL),
(116, '07212025023628117', 117, 25, 23, 0, '07/21/2025', '12:00', '2025-07-22 08:36:00', 53, 3, '', '2025-07-21 08:36:28', NULL, NULL),
(117, '07212025023628117', 117, 24, 22, 0, '07/21/2025', '12:00', '2025-07-22 08:36:00', 53, 3, '', '2025-07-21 08:36:28', NULL, NULL),
(118, '07212025023628117', 117, 18, 21, 0, '07/21/2025', '12:00', '2025-07-22 08:36:00', 53, 3, '', '2025-07-21 08:36:28', NULL, NULL),
(119, '07212025025633117', 117, 16, 18, 0, '07/21/2025', '12:00', '2025-07-22 08:36:00', 53, 3, '', '2025-07-21 08:56:33', NULL, NULL),
(120, '07212025025633117', 117, 26, 24, 0, '07/21/2025', '12:00', '2025-07-22 08:36:00', 53, 3, '', '2025-07-21 08:56:33', NULL, NULL),
(121, '07212025025633117', 117, 25, 23, 0, '07/21/2025', '12:00', '2025-07-22 08:36:00', 53, 3, '', '2025-07-21 08:56:33', NULL, NULL),
(122, '07212025025633117', 117, 24, 22, 0, '07/21/2025', '12:00', '2025-07-22 08:36:00', 53, 3, '', '2025-07-21 08:56:33', NULL, NULL),
(123, '07212025025633117', 117, 18, 21, 0, '07/21/2025', '12:00', '2025-07-22 08:36:00', 53, 3, '', '2025-07-21 08:56:33', NULL, NULL),
(124, '07212025025814117', 117, 16, 18, 0, '07/21/2025', '12:01', '2025-07-22 08:58:00', 51, 3, '', '2025-07-21 08:58:14', NULL, NULL),
(125, '07212025025814117', 117, 26, 24, 0, '07/21/2025', '12:01', '2025-07-22 08:58:00', 51, 3, '', '2025-07-21 08:58:14', NULL, NULL),
(126, '07212025025814117', 117, 25, 23, 0, '07/21/2025', '12:01', '2025-07-22 08:58:00', 51, 3, '', '2025-07-21 08:58:14', NULL, NULL),
(127, '07212025025814117', 117, 24, 22, 0, '07/21/2025', '12:01', '2025-07-22 08:58:00', 51, 3, '', '2025-07-21 08:58:14', NULL, NULL),
(128, '07212025025814117', 117, 18, 21, 0, '07/21/2025', '12:01', '2025-07-22 08:58:00', 51, 3, '', '2025-07-21 08:58:14', NULL, NULL),
(129, '07212025030659117', 117, 16, 18, 0, '07/21/2025', '12:20', '2025-07-22 09:06:00', 53, 3, '', '2025-07-21 09:06:59', NULL, NULL),
(130, '07212025030659117', 117, 26, 24, 0, '07/21/2025', '12:20', '2025-07-22 09:06:00', 53, 3, '', '2025-07-21 09:06:59', NULL, NULL),
(131, '07212025030659117', 117, 25, 23, 0, '07/21/2025', '12:20', '2025-07-22 09:06:00', 53, 3, '', '2025-07-21 09:06:59', NULL, NULL),
(132, '07212025030659117', 117, 24, 22, 0, '07/21/2025', '12:20', '2025-07-22 09:06:00', 53, 3, '', '2025-07-21 09:06:59', NULL, NULL),
(133, '07212025030659117', 117, 18, 21, 0, '07/21/2025', '12:20', '2025-07-22 09:06:00', 53, 3, '', '2025-07-21 09:06:59', NULL, NULL),
(134, '07212025032155117', 117, 16, 18, 0, '07/28/2025', '12:00', '2025-07-29 09:21:00', 53, 3, '', '2025-07-21 09:21:55', NULL, NULL),
(135, '07212025032155117', 117, 26, 24, 0, '07/28/2025', '12:00', '2025-07-29 09:21:00', 53, 3, '', '2025-07-21 09:21:55', NULL, NULL),
(136, '07212025032155117', 117, 25, 23, 0, '07/28/2025', '12:00', '2025-07-29 09:21:00', 53, 3, '', '2025-07-21 09:21:55', NULL, NULL),
(137, '07212025032155117', 117, 24, 22, 0, '07/28/2025', '12:00', '2025-07-29 09:21:00', 53, 3, '', '2025-07-21 09:21:55', NULL, NULL),
(138, '07212025032155117', 117, 18, 21, 0, '07/28/2025', '12:00', '2025-07-29 09:21:00', 53, 3, '', '2025-07-21 09:21:55', NULL, NULL),
(139, '07212025033234117', 117, 16, 18, 0, '07/27/2025', '12:00', '2025-07-29 09:32:00', 51, 3, '', '2025-07-21 09:32:34', NULL, NULL),
(140, '07212025033234117', 117, 26, 24, 0, '07/27/2025', '12:00', '2025-07-29 09:32:00', 51, 3, '', '2025-07-21 09:32:34', NULL, NULL),
(141, '07212025033234117', 117, 25, 23, 0, '07/27/2025', '12:00', '2025-07-29 09:32:00', 51, 3, '', '2025-07-21 09:32:34', NULL, NULL),
(142, '07212025033234117', 117, 24, 22, 0, '07/27/2025', '12:00', '2025-07-29 09:32:00', 51, 3, '', '2025-07-21 09:32:34', NULL, NULL),
(143, '07212025033234117', 117, 18, 21, 0, '07/27/2025', '12:00', '2025-07-29 09:32:00', 51, 3, '', '2025-07-21 09:32:34', NULL, NULL),
(144, '07212025033814117', 117, 16, 18, 0, '07/29/2025', '12:00', '2025-07-30 09:38:00', 53, 3, '', '2025-07-21 09:38:14', NULL, NULL),
(145, '07212025033814117', 117, 26, 24, 0, '07/29/2025', '12:00', '2025-07-30 09:38:00', 53, 3, '', '2025-07-21 09:38:14', NULL, NULL),
(146, '07212025033814117', 117, 25, 23, 0, '07/29/2025', '12:00', '2025-07-30 09:38:00', 53, 3, '', '2025-07-21 09:38:14', NULL, NULL),
(147, '07212025033814117', 117, 24, 22, 0, '07/29/2025', '12:00', '2025-07-30 09:38:00', 53, 3, '', '2025-07-21 09:38:14', NULL, NULL),
(148, '07212025033814117', 117, 18, 21, 0, '07/29/2025', '12:00', '2025-07-30 09:38:00', 53, 3, '', '2025-07-21 09:38:14', NULL, NULL),
(149, '07212025033854117', 117, 16, 18, 0, '07/29/2025', '12:00', '2025-07-30 09:38:00', 51, 3, '', '2025-07-21 09:38:54', NULL, NULL),
(150, '07212025033854117', 117, 26, 24, 0, '07/29/2025', '12:00', '2025-07-30 09:38:00', 51, 3, '', '2025-07-21 09:38:54', NULL, NULL),
(151, '07212025033854117', 117, 25, 23, 0, '07/29/2025', '12:00', '2025-07-30 09:38:00', 51, 3, '', '2025-07-21 09:38:54', NULL, NULL),
(152, '07212025033854117', 117, 24, 22, 0, '07/29/2025', '12:00', '2025-07-30 09:38:00', 51, 3, '', '2025-07-21 09:38:54', NULL, NULL),
(153, '07212025033854117', 117, 18, 21, 0, '07/29/2025', '12:00', '2025-07-30 09:38:00', 51, 3, '', '2025-07-21 09:38:54', NULL, NULL),
(154, '07212025034024117', 117, 16, 18, 0, '07/30/2025', '12:00', '2025-07-31 09:40:00', 53, 3, '', '2025-07-21 09:40:24', NULL, NULL),
(155, '07212025034024117', 117, 26, 24, 0, '07/30/2025', '12:00', '2025-07-31 09:40:00', 53, 3, '', '2025-07-21 09:40:24', NULL, NULL),
(156, '07212025034024117', 117, 25, 23, 0, '07/30/2025', '12:00', '2025-07-31 09:40:00', 53, 3, '', '2025-07-21 09:40:24', NULL, NULL),
(157, '07212025034024117', 117, 24, 22, 0, '07/30/2025', '12:00', '2025-07-31 09:40:00', 53, 3, '', '2025-07-21 09:40:24', NULL, NULL),
(158, '07212025034024117', 117, 18, 21, 0, '07/30/2025', '12:00', '2025-07-31 09:40:00', 53, 3, '', '2025-07-21 09:40:24', NULL, NULL),
(159, '07212025035210117', 117, 16, 18, 0, '07/31/2025', '12:00', '2025-07-31 09:52:00', 53, 3, '', '2025-07-21 09:52:10', NULL, NULL),
(160, '07212025035210117', 117, 26, 24, 0, '07/31/2025', '12:00', '2025-07-31 09:52:00', 53, 3, '', '2025-07-21 09:52:10', NULL, NULL),
(161, '07212025035210117', 117, 25, 23, 0, '07/31/2025', '12:00', '2025-07-31 09:52:00', 53, 3, '', '2025-07-21 09:52:10', NULL, NULL),
(162, '07212025035210117', 117, 24, 22, 0, '07/31/2025', '12:00', '2025-07-31 09:52:00', 53, 3, '', '2025-07-21 09:52:10', NULL, NULL),
(163, '07212025035210117', 117, 18, 21, 0, '07/31/2025', '12:00', '2025-07-31 09:52:00', 53, 3, '', '2025-07-21 09:52:10', NULL, NULL),
(164, '07212025041636117', 117, 16, 18, 0, '07/29/2025', '12:00', '2025-07-31 10:16:00', 53, 3, '', '2025-07-21 10:16:36', NULL, NULL),
(165, '07212025041636117', 117, 26, 24, 0, '07/29/2025', '12:00', '2025-07-31 10:16:00', 53, 3, '', '2025-07-21 10:16:36', NULL, NULL),
(166, '07212025041636117', 117, 25, 23, 0, '07/29/2025', '12:00', '2025-07-31 10:16:00', 53, 3, '', '2025-07-21 10:16:36', NULL, NULL),
(167, '07212025041636117', 117, 24, 22, 0, '07/29/2025', '12:00', '2025-07-31 10:16:00', 53, 3, '', '2025-07-21 10:16:36', NULL, NULL),
(168, '07212025041636117', 117, 18, 21, 0, '07/29/2025', '12:00', '2025-07-31 10:16:00', 53, 3, '', '2025-07-21 10:16:36', NULL, NULL),
(169, '07212025050513117', 117, 16, 18, 0, '07/30/2025', '12:00', '2025-07-31 11:05:00', 53, 3, '', '2025-07-21 11:05:13', NULL, NULL),
(170, '07212025050513117', 117, 26, 24, 0, '07/30/2025', '12:00', '2025-07-31 11:05:00', 53, 3, '', '2025-07-21 11:05:13', NULL, NULL),
(171, '07212025050513117', 117, 25, 23, 0, '07/30/2025', '12:00', '2025-07-31 11:05:00', 53, 3, '', '2025-07-21 11:05:13', NULL, NULL),
(172, '07212025050513117', 117, 24, 22, 0, '07/30/2025', '12:00', '2025-07-31 11:05:00', 53, 3, '', '2025-07-21 11:05:13', NULL, NULL),
(173, '07212025050513117', 117, 18, 21, 0, '07/30/2025', '12:00', '2025-07-31 11:05:00', 53, 3, '', '2025-07-21 11:05:13', NULL, NULL),
(174, '07212025052239117', 117, 16, 18, 0, '07/29/2025', '12:00', '2025-07-31 11:22:00', 53, 3, '', '2025-07-21 11:22:39', NULL, NULL),
(175, '07212025052239117', 117, 26, 24, 0, '07/29/2025', '12:00', '2025-07-31 11:22:00', 53, 3, '', '2025-07-21 11:22:39', NULL, NULL),
(176, '07212025052239117', 117, 25, 23, 0, '07/29/2025', '12:00', '2025-07-31 11:22:00', 53, 3, '', '2025-07-21 11:22:39', NULL, NULL),
(177, '07212025052239117', 117, 24, 22, 0, '07/29/2025', '12:00', '2025-07-31 11:22:00', 53, 3, '', '2025-07-21 11:22:39', NULL, NULL),
(178, '07212025052239117', 117, 18, 21, 0, '07/29/2025', '12:00', '2025-07-31 11:22:00', 53, 3, '', '2025-07-21 11:22:39', NULL, NULL),
(179, '07212025054941117', 117, 16, 18, 0, '07/30/2025', '11:00', '2025-07-30 11:49:00', 53, 3, '', '2025-07-21 11:49:41', NULL, NULL),
(180, '07212025054941117', 117, 26, 24, 0, '07/30/2025', '11:00', '2025-07-30 11:49:00', 53, 3, '', '2025-07-21 11:49:41', NULL, NULL),
(181, '07212025054941117', 117, 25, 23, 0, '07/30/2025', '11:00', '2025-07-30 11:49:00', 53, 3, '', '2025-07-21 11:49:41', NULL, NULL),
(182, '07212025054941117', 117, 24, 22, 0, '07/30/2025', '11:00', '2025-07-30 11:49:00', 53, 3, '', '2025-07-21 11:49:41', NULL, NULL),
(183, '07212025054941117', 117, 18, 21, 0, '07/30/2025', '11:00', '2025-07-30 11:49:00', 53, 3, '', '2025-07-21 11:49:41', NULL, NULL),
(184, '07282025021422117', 117, 16, 18, 0, '07/30/2025', '15:00', '2025-07-31 08:14:00', 53, 3, '', '2025-07-28 08:14:22', NULL, NULL),
(185, '07282025021422117', 117, 26, 24, 0, '07/30/2025', '15:00', '2025-07-31 08:14:00', 53, 3, '', '2025-07-28 08:14:22', NULL, NULL),
(186, '07282025021422117', 117, 25, 23, 0, '07/30/2025', '15:00', '2025-07-31 08:14:00', 53, 3, '', '2025-07-28 08:14:22', NULL, NULL),
(187, '07282025021422117', 117, 24, 22, 0, '07/30/2025', '15:00', '2025-07-31 08:14:00', 53, 3, '', '2025-07-28 08:14:22', NULL, NULL),
(188, '07282025021422117', 117, 18, 21, 0, '07/30/2025', '15:00', '2025-07-31 08:14:00', 53, 3, '', '2025-07-28 08:14:22', NULL, NULL),
(189, '07282025024233117', 117, 16, 18, 0, '07/29/2025', '16:00', '2025-07-30 08:42:00', 53, 3, '', '2025-07-28 08:42:33', NULL, NULL),
(190, '07282025024233117', 117, 26, 24, 0, '07/29/2025', '16:00', '2025-07-30 08:42:00', 53, 3, '', '2025-07-28 08:42:33', NULL, NULL),
(191, '07282025024233117', 117, 25, 23, 0, '07/29/2025', '16:00', '2025-07-30 08:42:00', 53, 3, '', '2025-07-28 08:42:33', NULL, NULL),
(192, '07282025024233117', 117, 24, 22, 0, '07/29/2025', '16:00', '2025-07-30 08:42:00', 53, 3, '', '2025-07-28 08:42:33', NULL, NULL),
(193, '07282025024233117', 117, 18, 21, 0, '07/29/2025', '16:00', '2025-07-30 08:42:00', 53, 3, '', '2025-07-28 08:42:33', NULL, NULL);

-- --------------------------------------------------------

--
-- Table structure for table `reservation_items`
--

CREATE TABLE `reservation_items` (
  `id` int(11) NOT NULL,
  `reservation_code` varchar(50) DEFAULT NULL,
  `item_name` varchar(255) DEFAULT NULL
) ENGINE=InnoDB DEFAULT CHARSET=utf8mb4 COLLATE=utf8mb4_general_ci;

-- --------------------------------------------------------

--
-- Table structure for table `reservation_status`
--

CREATE TABLE `reservation_status` (
  `id` int(11) NOT NULL,
  `reservation_code` varchar(50) NOT NULL,
  `remark` text NOT NULL,
  `res_status` int(11) NOT NULL
) ENGINE=InnoDB DEFAULT CHARSET=latin1 COLLATE=latin1_swedish_ci;

--
-- Dumping data for table `reservation_status`
--

INSERT INTO `reservation_status` (`id`, `reservation_code`, `remark`, `res_status`) VALUES
(59, '07212025041636117', 'Accepted Reservation', 1),
(60, '07212025050513117', 'Accepted Reservation', 1),
(61, '07212025052239117', 'Accepted Reservation', 1),
(62, '07212025054941117', 'Accepted Reservation', 1),
(63, '07282025024233117', 'Accepted Reservation', 1),
(64, '07282025021422117', 'Accepted Reservation', 1);

-- --------------------------------------------------------

--
-- Table structure for table `room`
--

CREATE TABLE `room` (
  `id` int(11) NOT NULL,
  `rm_name` varchar(50) NOT NULL,
  `rm_date_added` datetime NOT NULL DEFAULT current_timestamp(),
  `rm_status` int(11) NOT NULL DEFAULT 0
) ENGINE=InnoDB DEFAULT CHARSET=latin1 COLLATE=latin1_swedish_ci;

--
-- Dumping data for table `room`
--

INSERT INTO `room` (`id`, `rm_name`, `rm_date_added`, `rm_status`) VALUES
(51, 'lab 1', '2025-06-27 12:53:43', 1),
(53, 'lab2', '2025-06-30 16:13:20', 1);

-- --------------------------------------------------------

--
-- Table structure for table `room_equipment`
--

CREATE TABLE `room_equipment` (
  `id` int(11) NOT NULL,
  `equipment_id` int(11) NOT NULL,
  `room_id` int(11) NOT NULL,
  `re_quantity` int(11) NOT NULL,
  `stats` int(11) NOT NULL DEFAULT 1
) ENGINE=InnoDB DEFAULT CHARSET=latin1 COLLATE=latin1_swedish_ci;

--
-- Dumping data for table `room_equipment`
--

INSERT INTO `room_equipment` (`id`, `equipment_id`, `room_id`, `re_quantity`, `stats`) VALUES
(1, 1, 14, 12, 1),
(2, 2, 14, 12, 1),
(3, 3, 14, 12, 1),
(4, 4, 14, 12, 1),
(5, 5, 14, 12, 1),
(6, 6, 14, 12, 1),
(7, 7, 14, 12, 1),
(8, 8, 14, 12, 1),
(9, 1, 14, 10, 1),
(10, 2, 14, 10, 1),
(11, 1, 14, 12, 1),
(12, 2, 14, 12, 1),
(13, 3, 14, 2, 1),
(14, 1, 14, 12, 1),
(15, 2, 14, 10, 1),
(16, 3, 14, 10, 1),
(17, 1, 14, 10, 1);

-- --------------------------------------------------------

--
-- Table structure for table `user`
--

CREATE TABLE `user` (
  `id` int(11) NOT NULL,
  `name` varchar(50) NOT NULL,
  `username` varchar(50) NOT NULL,
  `password` varchar(50) NOT NULL,
  `type` int(11) NOT NULL COMMENT '1=admin, 2=stafff',
  `status` int(11) NOT NULL DEFAULT 1 COMMENT '1=active, 2=inactive'
) ENGINE=InnoDB DEFAULT CHARSET=latin1 COLLATE=latin1_swedish_ci;

--
-- Dumping data for table `user`
--

INSERT INTO `user` (`id`, `name`, `username`, `password`, `type`, `status`) VALUES
(1, 'Administrator', 'admin', '0192023a7bbd73250516f069df18b500', 1, 1),
(8, 'Jerome', 'jher', '7c63dcc99426e2565c1eb7b14baa62a1', 1, 1),
(10, 'admin', 'Leni', '202cb962ac59075b964b07152d234b70', 1, 1);

--
-- Indexes for dumped tables
--

--
-- Indexes for table `borrow`
--
ALTER TABLE `borrow`
  ADD PRIMARY KEY (`id`),
  ADD KEY `member_id` (`member_id`),
  ADD KEY `equipment_id` (`item_id`),
  ADD KEY `user_id` (`user_id`);

--
-- Indexes for table `equipment`
--
ALTER TABLE `equipment`
  ADD PRIMARY KEY (`id`),
  ADD KEY `room_id` (`room_id`);

--
-- Indexes for table `equipment_inventory`
--
ALTER TABLE `equipment_inventory`
  ADD PRIMARY KEY (`id`),
  ADD KEY `equipment_id` (`equipment_id`);

--
-- Indexes for table `history_logs`
--
ALTER TABLE `history_logs`
  ADD PRIMARY KEY (`id`);

--
-- Indexes for table `item`
--
ALTER TABLE `item`
  ADD PRIMARY KEY (`id`);

--
-- Indexes for table `item_inventory`
--
ALTER TABLE `item_inventory`
  ADD PRIMARY KEY (`id`);

--
-- Indexes for table `item_stock`
--
ALTER TABLE `item_stock`
  ADD PRIMARY KEY (`id`);

--
-- Indexes for table `item_transfer`
--
ALTER TABLE `item_transfer`
  ADD PRIMARY KEY (`id`);

--
-- Indexes for table `member`
--
ALTER TABLE `member`
  ADD PRIMARY KEY (`id`);

--
-- Indexes for table `reservation`
--
ALTER TABLE `reservation`
  ADD PRIMARY KEY (`id`),
  ADD KEY `member_id` (`member_id`),
  ADD KEY `equipment_id` (`item_id`);

--
-- Indexes for table `reservation_items`
--
ALTER TABLE `reservation_items`
  ADD PRIMARY KEY (`id`);

--
-- Indexes for table `reservation_status`
--
ALTER TABLE `reservation_status`
  ADD PRIMARY KEY (`id`);

--
-- Indexes for table `room`
--
ALTER TABLE `room`
  ADD PRIMARY KEY (`id`);

--
-- Indexes for table `room_equipment`
--
ALTER TABLE `room_equipment`
  ADD PRIMARY KEY (`id`);

--
-- Indexes for table `user`
--
ALTER TABLE `user`
  ADD PRIMARY KEY (`id`);

--
-- AUTO_INCREMENT for dumped tables
--

--
-- AUTO_INCREMENT for table `borrow`
--
ALTER TABLE `borrow`
  MODIFY `id` int(11) NOT NULL AUTO_INCREMENT, AUTO_INCREMENT=190;

--
-- AUTO_INCREMENT for table `equipment`
--
ALTER TABLE `equipment`
  MODIFY `id` int(11) NOT NULL AUTO_INCREMENT;

--
-- AUTO_INCREMENT for table `equipment_inventory`
--
ALTER TABLE `equipment_inventory`
  MODIFY `id` int(11) NOT NULL AUTO_INCREMENT;

--
-- AUTO_INCREMENT for table `history_logs`
--
ALTER TABLE `history_logs`
  MODIFY `id` int(11) NOT NULL AUTO_INCREMENT, AUTO_INCREMENT=203;

--
-- AUTO_INCREMENT for table `item`
--
ALTER TABLE `item`
  MODIFY `id` int(5) NOT NULL AUTO_INCREMENT, AUTO_INCREMENT=27;

--
-- AUTO_INCREMENT for table `item_inventory`
--
ALTER TABLE `item_inventory`
  MODIFY `id` int(11) NOT NULL AUTO_INCREMENT, AUTO_INCREMENT=26;

--
-- AUTO_INCREMENT for table `item_stock`
--
ALTER TABLE `item_stock`
  MODIFY `id` int(11) NOT NULL AUTO_INCREMENT, AUTO_INCREMENT=28;

--
-- AUTO_INCREMENT for table `item_transfer`
--
ALTER TABLE `item_transfer`
  MODIFY `id` int(11) NOT NULL AUTO_INCREMENT;

--
-- AUTO_INCREMENT for table `member`
--
ALTER TABLE `member`
  MODIFY `id` int(11) NOT NULL AUTO_INCREMENT, AUTO_INCREMENT=122;

--
-- AUTO_INCREMENT for table `reservation`
--
ALTER TABLE `reservation`
  MODIFY `id` int(11) NOT NULL AUTO_INCREMENT, AUTO_INCREMENT=194;

--
-- AUTO_INCREMENT for table `reservation_items`
--
ALTER TABLE `reservation_items`
  MODIFY `id` int(11) NOT NULL AUTO_INCREMENT;

--
-- AUTO_INCREMENT for table `reservation_status`
--
ALTER TABLE `reservation_status`
  MODIFY `id` int(11) NOT NULL AUTO_INCREMENT, AUTO_INCREMENT=65;

--
-- AUTO_INCREMENT for table `room`
--
ALTER TABLE `room`
  MODIFY `id` int(11) NOT NULL AUTO_INCREMENT, AUTO_INCREMENT=54;

--
-- AUTO_INCREMENT for table `room_equipment`
--
ALTER TABLE `room_equipment`
  MODIFY `id` int(11) NOT NULL AUTO_INCREMENT, AUTO_INCREMENT=18;

--
-- AUTO_INCREMENT for table `user`
--
ALTER TABLE `user`
  MODIFY `id` int(11) NOT NULL AUTO_INCREMENT, AUTO_INCREMENT=11;
COMMIT;

/*!40101 SET CHARACTER_SET_CLIENT=@OLD_CHARACTER_SET_CLIENT */;
/*!40101 SET CHARACTER_SET_RESULTS=@OLD_CHARACTER_SET_RESULTS */;
/*!40101 SET COLLATION_CONNECTION=@OLD_COLLATION_CONNECTION */;
